<?xml version="1.0" encoding="UTF-8"?>
<project-private xmlns="http://www.netbeans.org/ns/project-private/1">
    <editor-bookmarks xmlns="http://www.netbeans.org/ns/editor-bookmarks/2" lastBookmarkId="0"/>
    <open-files xmlns="http://www.netbeans.org/ns/projectui-open-files/2">
        <group>
            <file>file:/Users/roanm/Documents/Computer%20Science/ICS4U/MasonBots/src/masonbots/MasonBots.java</file>
            <file>file:/Users/roanm/Documents/Computer%20Science/ICS4U/MasonBots/src/masonbots/AbstractRobot.java</file>
            <file>file:/Users/roanm/Documents/Computer%20Science/ICS4U/MasonBots/src/masonbots/WorkerBot.java</file>
            <file>file:/Users/roanm/Documents/Computer%20Science/ICS4U/MasonBots/src/masonbots/Robot.java</file>
            <file>file:/Users/roanm/Documents/Computer%20Science/ICS4U/MasonBots/src/masonbots/SentryBot.java</file>
            <file>file:/Users/roanm/Documents/Computer%20Science/ICS4U/MasonBots/src/masonbots/CleanerBot.java</file>
        </group>
    </open-files>
</project-private>
