<?xml version="1.0" encoding="UTF-8"?>
<project-private xmlns="http://www.netbeans.org/ns/project-private/1">
    <editor-bookmarks xmlns="http://www.netbeans.org/ns/editor-bookmarks/2" lastBookmarkId="0"/>
    <open-files xmlns="http://www.netbeans.org/ns/projectui-open-files/2">
        <group>
            <file>file:/Users/roanm/Documents/Computer%20Science/ICS4U/MasonBasketball4U/src/masonbasketball4u/ball.4u</file>
            <file>file:/Users/roanm/Documents/Computer%20Science/ICS4U/MasonBasketball4U/src/masonbasketball4u/Player.java</file>
            <file>file:/Users/roanm/Documents/Computer%20Science/ICS4U/MasonBasketball4U/src/masonbasketball4u/MasonBasketball4U.java</file>
            <file>file:/Users/roanm/Documents/Computer%20Science/ICS4U/MasonBasketball4U/src/masonbasketball4u/Team.java</file>
        </group>
    </open-files>
</project-private>
